-- drop schema alimentacao

INSERT INTO Doador (CPF, nome, telefone, email) VALUES 
('123.456.789-00', 'Ana Paula Ferreira', '11987654321', 'ana.paula@gmail.com'),
('234.567.890-11', 'Carlos Eduardo Lima', '21998765432', 'carlos.lima@yahoo.com'),
('345.678.901-22', 'Mariana Silva Rocha', '31991234567', 'mariana.rocha@outlook.com'),
('456.789.012-33', 'Pedro Henrique Souza', '41996543210', 'pedro.henrique@hotmail.com'),
('567.890.123-44', 'Fernanda Oliveira Costa', '51999887766', 'fernanda.costa@gmail.com'),
('678.901.234-55', 'João Lucas Mendes', '62998712345', 'joao.mendes@gmail.com'),
('789.012.345-66', 'Larissa Alves Lima', '71997654321', 'larissa.alves@uol.com.br'),
('890.123.456-77', 'Rafael Teixeira Pinto', '81995544332', 'rafael.pinto@globo.com'),
('901.234.567-88', 'Bruna Carvalho Dias', '11998877665', 'bruna.dias@bol.com.br'),
('012.345.678-99', 'Thiago Martins Gomes', '21993211234', 'thiago.gomes@gmail.com'),
('102.938.475-10', 'Juliana Duarte Nunes', '31992113456', 'juliana.nunes@terra.com.br'),
('203.847.561-21', 'Eduardo Ramos Tavares', '41995432123', 'eduardo.tavares@gmail.com'),
('304.756.182-32', 'Paula Regina Almeida', '51997888877', 'paula.almeida@outlook.com'),
('405.615.293-43', 'Felipe Augusto Lima', '62993123456', 'felipe.lima@icloud.com'),
('506.514.374-54', 'Aline Souza Pires', '71998989898', 'aline.pires@live.com'),
('607.413.465-65', 'Gabriel Costa Freitas', '81991234567', 'gabriel.freitas@gmail.com'),
('708.312.556-76', 'Camila Andrade Rocha', '11996547896', 'camila.rocha@yahoo.com.br'),
('809.211.647-87', 'Lucas Fernandes Dias', '21998432109', 'lucas.dias@globo.com'),
('910.110.738-98', 'Isabela Moraes Pinto', '31998761234', 'isabela.pinto@gmail.com'),
('011.019.829-09', 'Vinícius Carvalho Lopes', '41993214567', 'vinicius.lopes@hotmail.com');

INSERT INTO enderecoDoador (cep, uf, cidade, bairro, rua, numero, complemento, Doador_CPF) VALUES
('01001-000', 'SP', 'São Paulo', 'Centro', 'Rua A', 100, 'Apto 101', '123.456.789-00'),
('20010-000', 'RJ', 'Rio de Janeiro', 'Copacabana', 'Av. Atlântica', 202, NULL, '234.567.890-11'),
('30110-000', 'MG', 'Belo Horizonte', 'Savassi', 'Rua B', 303, 'Bloco B', '345.678.901-22'),
('80010-000', 'PR', 'Curitiba', 'Batel', 'Rua C', 404, NULL, '456.789.012-33'),
('90010-000', 'RS', 'Porto Alegre', 'Moinhos de Vento', 'Rua D', 505, NULL, '567.890.123-44'),
('74000-000', 'GO', 'Goiânia', 'Setor Oeste', 'Rua E', 606, 'Casa', '678.901.234-55'),
('40010-000', 'BA', 'Salvador', 'Barra', 'Av. Oceânica', 707, 'Cobertura', '789.012.345-66'),
('50010-000', 'PE', 'Recife', 'Boa Viagem', 'Rua F', 808, NULL, '890.123.456-77'),
('01153-000', 'SP', 'São Paulo', 'Mooca', 'Rua G', 909, 'Apto 501', '901.234.567-88'),
('22793-000', 'RJ', 'Rio de Janeiro', 'Barra da Tijuca', 'Rua H', 111, 'Casa 1', '012.345.678-99'),
('30180-001', 'MG', 'Belo Horizonte', 'Lourdes', 'Av. do Contorno', 222, NULL, '102.938.475-10'),
('80020-001', 'PR', 'Curitiba', 'Centro', 'Rua I', 333, 'Bloco A', '203.847.561-21'),
('90110-000', 'RS', 'Porto Alegre', 'Centro', 'Av. Borges de Medeiros', 444, NULL, '304.756.182-32'),
('74020-020', 'GO', 'Goiânia', 'Centro', 'Rua J', 555, NULL, '405.615.293-43'),
('40140-000', 'BA', 'Salvador', 'Ondina', 'Av. Oceano', 666, 'Fundos', '506.514.374-54'),
('50030-230', 'PE', 'Recife', 'Derby', 'Rua L', 777, NULL, '607.413.465-65'),
('01154-010', 'SP', 'São Paulo', 'Brás', 'Rua M', 888, NULL, '708.312.556-76'),
('22795-009', 'RJ', 'Rio de Janeiro', 'Recreio', 'Rua N', 999, 'Apto 12', '809.211.647-87'),
('30190-130', 'MG', 'Belo Horizonte', 'Funcionários', 'Av. Brasil', 121, NULL, '910.110.738-98'),
('80030-000', 'PR', 'Curitiba', 'Cristo Rei', 'Rua O', 131, 'Sobrado', '011.019.829-09');

INSERT INTO redesSociaisDoador (redeSocial, username, email, Doador_CPF) VALUES
('Instagram', 'ana.paula', 'ana.paula@gmail.com', '123.456.789-00'),
('Facebook', 'ana.p.ferreira', 'ana.paula@gmail.com', '123.456.789-00'),
('Instagram', 'cadu.lima', 'carlos.lima@yahoo.com', '234.567.890-11'),
('Twitter', 'mariana_rocha', 'mariana.rocha@outlook.com', '345.678.901-22'),
('Instagram', 'mariana.silva', 'mariana.rocha@outlook.com', '345.678.901-22'),
('Facebook', 'pedro.h.souza', 'pedro.henrique@hotmail.com', '456.789.012-33'),
('Instagram', 'fernandacosta', 'fernanda.costa@gmail.com', '567.890.123-44'),
('Facebook', 'fer.oliveira', 'fernanda.costa@gmail.com', '567.890.123-44'),
('Twitter', 'nanda.costa', 'fernanda.costa@gmail.com', '567.890.123-44'),
('Instagram', 'joao.mendes', 'joao.mendes@gmail.com', '678.901.234-55'),
('Instagram', 'larissa.lima', 'larissa.alves@uol.com.br', '789.012.345-66'),
('Twitter', 'larialves', 'larissa.alves@uol.com.br', '789.012.345-66'),
('Facebook', 'rafael.pinto', 'rafael.pinto@globo.com', '890.123.456-77'),
('Instagram', 'bruna.dias', 'bruna.dias@bol.com.br', '901.234.567-88'),
('Instagram', 'thiago.gomes', 'thiago.gomes@gmail.com', '012.345.678-99'),
('Twitter', 'thi.gomes', 'thiago.gomes@gmail.com', '012.345.678-99'),
('Facebook', 'juliana.nunes', 'juliana.nunes@terra.com.br', '102.938.475-10'),
('Instagram', 'edu.tavares', 'eduardo.tavares@gmail.com', '203.847.561-21'),
('Instagram', 'paula.almeida', 'paula.almeida@outlook.com', '304.756.182-32'),
('Facebook', 'paula.regina', 'paula.almeida@outlook.com', '304.756.182-32'),
('Instagram', 'felipe.lima', 'felipe.lima@icloud.com', '405.615.293-43'),
('Twitter', 'aline.pires', 'aline.pires@live.com', '506.514.374-54'),
('Instagram', 'alinepires', 'aline.pires@live.com', '506.514.374-54'),
('Facebook', 'gabriel.freitas', 'gabriel.freitas@gmail.com', '607.413.465-65'),
('Instagram', 'camila.rocha', 'camila.rocha@yahoo.com.br', '708.312.556-76'),
('Instagram', 'lucas.dias', 'lucas.dias@globo.com', '809.211.647-87'),
('Facebook', 'lucas.d', 'lucas.dias@globo.com', '809.211.647-87'),
('Instagram', 'isa.pinto', 'isabela.pinto@gmail.com', '910.110.738-98'),
('Instagram', 'vinicius.lopes', 'vinicius.lopes@hotmail.com', '011.019.829-09'),
('Twitter', 'vini.lopes', 'vinicius.lopes@hotmail.com', '011.019.829-09');


INSERT INTO doacaoAnonima (pesoTotal_kg, dataDoacao, Doador_CPF, condicaoDeRetirada) VALUES
(50.00, '2024-01-10', '123.456.789-00', 'Congelado'),
(75.00, '2024-01-15', '234.567.890-11', 'Congelado'),
(20.00, '2024-01-20', '345.678.901-22', 'Próximo da data de validade'),
(30.00, '2024-01-25', '456.789.012-33', 'Empacotado'),
(100.00, '2024-02-01', '567.890.123-44', 'Resfriado'),
(45.00, '2024-02-05', '678.901.234-55', 'Próximo da data de validade'),
(60.00, '2024-02-10', '789.012.345-66', 'Empacotado'),
(80.00, '2024-02-14', '890.123.456-77', 'Congelado'),
(25.00, '2024-02-18', '901.234.567-88', 'Resfriado'),
(90.00, '2024-02-22', '012.345.678-99', 'Próximo da data de validade'),
(55.00, '2024-03-01', '102.938.475-10', 'Empacotado'),
(70.00, '2024-03-05', '203.847.561-21', 'Congelado'),
(33.00, '2024-03-10', '304.756.182-32', 'Empacotado'),
(40.00, '2024-03-15', '405.615.293-43', 'Empacotado'),
(66.00, '2024-03-20', '506.514.374-54', 'Próximo da data de validade'),
(77.00, '2024-03-25', '607.413.465-65', 'Congelado'),
(29.00, '2024-03-30', '708.312.556-76', 'Congelado'),
(38.00, '2024-04-02', '809.211.647-87', 'Empacotado'),
(82.00, '2024-04-05', '910.110.738-98', 'Resfriado'),
(91.00, '2024-04-08', '011.019.829-09', 'Próximo da data de validade'),
(35.00, '2024-04-11', '123.456.789-00', 'Empacotado'),
(67.00, '2024-04-14', '234.567.890-11', 'Resfriado'),
(48.00, '2024-04-17', '345.678.901-22', 'Empacotado'),
(53.00, '2024-04-20', '456.789.012-33', 'Próximo da data de validade'),
(92.00, '2024-04-23', '567.890.123-44', 'Próximo da data de validade'),
(31.00, '2024-04-26', '678.901.234-55', 'Congelado'),
(64.00, '2024-04-29', '789.012.345-66', 'Congelado'),
(74.00, '2024-05-01', '890.123.456-77', 'Empacotado'),
(28.00, '2024-05-03', '901.234.567-88', 'Congelado'),
(88.00, '2024-05-05', '012.345.678-99', 'Empacotado'),
(36.00, '2024-05-07', '102.938.475-10', 'Empacotado'),
(63.00, '2024-05-09', '203.847.561-21', 'Próximo da data de validade'),
(71.00, '2024-05-11', '304.756.182-32', 'Empacotado'),
(85.00, '2024-05-13', '405.615.293-43', 'Resfriado'),
(59.00, '2024-05-15', '506.514.374-54', 'Empacotado'),
(47.00, '2024-05-17', '607.413.465-65', 'Resfriado'),
(69.00, '2024-05-19', '708.312.556-76', 'Próximo da data de validade'),
(81.00, '2024-05-21', '809.211.647-87', 'Empacotado'),
(99.00, '2024-05-23', '910.110.738-98', 'Resfriado'),
(41.00, '2024-05-25', '011.019.829-09', 'Empacotado'),
(52.00, '2024-05-27', '123.456.789-00', 'Resfriado'),
(39.00, '2024-05-28', '234.567.890-11', 'Resfriado'),
(26.00, '2024-05-29', '345.678.901-22', 'Congelado'),
(49.00, '2024-05-30', '456.789.012-33', 'Próximo da data de validade'),
(78.00, '2024-05-31', '567.890.123-44', 'Empacotado'),
(34.00, '2024-06-01', '678.901.234-55', 'Próximo da data de validade'),
(84.00, '2024-06-02', '789.012.345-66', 'Congelado'),
(62.00, '2024-06-03', '890.123.456-77', 'Resfriado'),
(93.00, '2024-06-04', '901.234.567-88', 'Empacotado'),
(73.00, '2024-06-05', '012.345.678-99', 'Resfriado');

